name,price_usd
Action Figure Blueviolet 416,77.2
Action Figure Blueviolet 644,39.27
Action Figure Cornflowerblue 738,55.31
Action Figure Darkmagenta 470,38.86
Action Figure Darkolivegreen 231,41.24
Action Figure Darkred 648,9.25
Action Figure Darkturquoise 818,12.51
Action Figure Dimgray 345,61.55
Action Figure Dimgray 373,34.53
Action Figure Gainsboro 419,60.64
Action Figure Gray 604,49.13
Action Figure Linen 246,70.01
Action Figure Linen 572,31.31
Action Figure Maroon 857,61.33
Action Figure Mediumblue 996,78.56
Action Figure Olivedrab 484,54.93
Action Figure Orange 891,52.42
Action Figure Palegoldenrod 438,52.58
Action Figure Palegreen 189,67.11
Action Figure Palegreen 607,29.99
Action Figure Papayawhip 102,58.44
Action Figure Peachpuff 444,35.6
Action Figure Red 357,77.14
Action Figure Rosybrown 882,22.16
Action Figure Rosybrown 973,64.11
Action Figure Skyblue 377,41.7
Action Figure Slategray 547,75.95
Action Figure Tan 935,18.39
Action Figure Turquoise 442,16.94
Action Figure Turquoise 665,60.51
Air Fryer Aliceblue 144,90.39
Air Fryer Black 549,70.97
Air Fryer Coral 513,99.34
Air Fryer Cyan 674,110.84
Air Fryer Darkkhaki 150,207.28
Air Fryer Darkslategray 361,91.6
Air Fryer Firebrick 640,240.98
Air Fryer Hotpink 308,54.43
Air Fryer Lawngreen 479,64.68
Air Fryer Lightgray 683,67.39
Air Fryer Lightsalmon 269,239.59
Air Fryer Mediumturquoise 637,55.76
Air Fryer Mediumturquoise 924,10.91
Air Fryer Rosybrown 408,138.19
Air Fryer Royalblue 882,148.57
Air Fryer Silver 382,189.15
Air Fryer Steelblue 586,164.7
Air Fryer Tan 326,185.93
Air Fryer Tan 935,225.17
Air Fryer Tomato 384,91.17
Blender Black 164,200.87
Blender Gold 603,56.49
Blender Gray 740,161.6
Blender Green 635,146.11
Blender Green 977,70.49
Blender Greenyellow 299,202.8
Blender Hotpink 301,157.03
Blender Ivory 296,82.08
Blender Lightblue 934,249.07
Blender Mediumorchid 472,217.42
Blender Mediumvioletred 960,123.94
Blender Midnightblue 854,147.49
Blender Moccasin 589,248.57
Blender Pink 290,24.77
Blender Powderblue 308,153.86
Blender Purple 935,45.87
Blender Sandybrown 186,247.08
Blender Sienna 204,166.8
Blender Silver 942,202.62
Blender Skyblue 837,231.31
Blender Teal 861,116.15
Blender Wheat 509,75.05
Blender White 417,81.13
Blender Yellow 385,138.99
Blender Yellowgreen 216,114.2
Board Game Aquamarine 462,30.82
Board Game Brown 135,59.94
Board Game Cornflowerblue 691,26.85
Board Game Darkblue 873,63.23
Board Game Darkgreen 345,59.77
Board Game Darkkhaki 216,6.51
Board Game Darkseagreen 297,32.18
Board Game Dimgray 463,6.54
Board Game Firebrick 845,16.24
Board Game Lavenderblush 921,12.94
Board Game Lightsalmon 685,75.92
Board Game Lightskyblue 934,51.75
Board Game Maroon 620,19.89
Board Game Mintcream 802,21.08
Board Game Moccasin 447,54.28
Board Game Navajowhite 254,34.84
Board Game Navajowhite 687,48.76
Board Game Navy 669,63.38
Board Game Orchid 902,23.31
Board Game Peru 523,21.77
Board Game Peru 998,49.48
Board Game Purple 134,43.04
Board Game Saddlebrown 749,53.71
Board Game Salmon 556,39.07
Board Game Sienna 266,44.18
Board Game Slategray 468,72.89
Board Game Steelblue 583,59.05
Board Game Steelblue 872,17.19
Board Game Tan 139,52.91
Board Game Wheat 727,55.71
Board Game White 131,17.37
Building Blocks Aliceblue 722,50.76
Building Blocks Antiquewhite 644,28.12
Building Blocks Blue 257,74.03
Building Blocks Blue 468,28.61
Building Blocks Cadetblue 267,25.52
Building Blocks Darkcyan 517,7.91
Building Blocks Darkmagenta 912,48.07
Building Blocks Darkorange 225,66.05
Building Blocks Darkorchid 948,13.13
Building Blocks Darksalmon 277,58.77
Building Blocks Darksalmon 624,33.91
Building Blocks Darkseagreen 909,7.22
Building Blocks Deepskyblue 189,21.61
Building Blocks Dodgerblue 692,71.9
Building Blocks Floralwhite 107,27.53
Building Blocks Floralwhite 415,71.27
Building Blocks Floralwhite 871,55.29
Building Blocks Fuchsia 140,47.06
Building Blocks Goldenrod 224,66.01
Building Blocks Greenyellow 755,18.19
Building Blocks Indigo 932,45.31
Building Blocks Lightblue 395,60.44
Building Blocks Lightcoral 517,43.66
Building Blocks Lightcoral 887,47.41
Building Blocks Lightgray 949,61.13
Building Blocks Lightpink 351,58.6
Building Blocks Magenta 452,56.23
Building Blocks Mediumorchid 918,51.87
Building Blocks Mediumvioletred 266,20.02
Building Blocks Mediumvioletred 446,73.63
Building Blocks Mintcream 897,67.95
Building Blocks Moccasin 702,14.32
Building Blocks Oldlace 658,11.74
Building Blocks Palegreen 905,43.9
Building Blocks Papayawhip 521,74.14
Building Blocks Saddlebrown 550,74.12
Building Blocks Salmon 412,72.91
Building Blocks Seagreen 468,78.14
Building Blocks Sienna 329,67.23
Building Blocks Silver 713,16.49
Building Blocks Slategray 770,65.84
Building Blocks Tan 413,52.78
Building Blocks Teal 310,59.24
Building Blocks Whitesmoke 876,48.51
Coffee Maker Black 343,152.05
Coffee Maker Cornsilk 207,48.21
Coffee Maker Darkblue 931,28.04
Coffee Maker Darkcyan 134,69.35
Coffee Maker Darkorchid 576,35.74
Coffee Maker Darkred 165,179.79
Coffee Maker Darkseagreen 947,38.61
Coffee Maker Darkturquoise 557,112.18
Coffee Maker Darkviolet 927,131.76
Coffee Maker Deeppink 388,54.58
Coffee Maker Deepskyblue 740,132.06
Coffee Maker Gainsboro 875,19.86
Coffee Maker Hotpink 267,163.4
Coffee Maker Lightblue 527,79.83
Coffee Maker Lightgoldenrodyellow 155,157.0
Coffee Maker Lightgoldenrodyellow 421,104.4
Coffee Maker Lightseagreen 124,231.26
Coffee Maker Limegreen 758,109.16
Coffee Maker Mediumspringgreen 193,31.77
Coffee Maker Moccasin 182,36.15
Coffee Maker Moccasin 832,146.65
Coffee Maker Palegoldenrod 826,33.14
Coffee Maker Palegoldenrod 835,128.31
Coffee Maker Red 435,162.78
Coffee Maker Seashell 585,87.59
Coffee Maker Silver 522,222.94
Coffee Maker Steelblue 144,82.39
Coffee Maker Tomato 884,128.97
Coffee Maker Violet 300,159.05
Conditioner Aquamarine 924,83.06
Conditioner Azure 765,119.56
Conditioner Blanchedalmond 221,70.26
Conditioner Cornflowerblue 855,7.54
Conditioner Darkgoldenrod 688,75.03
Conditioner Darkred 762,85.63
Conditioner Darkslategray 367,25.17
Conditioner Darkturquoise 563,59.85
Conditioner Dodgerblue 315,94.53
Conditioner Green 153,82.0
Conditioner Khaki 604,31.93
Conditioner Lightgray 973,5.63
Conditioner Magenta 557,71.16
Conditioner Mediumorchid 693,55.46
Conditioner Olive 378,51.43
Conditioner Palegreen 488,108.64
Conditioner Peachpuff 275,76.6
Conditioner Peru 532,107.56
Conditioner Saddlebrown 768,102.29
Conditioner Snow 273,81.14
Cookware Antiquewhite 220,19.15
Cookware Blueviolet 167,199.21
Cookware Chartreuse 977,238.21
Cookware Cornsilk 630,148.83
Cookware Darkblue 945,237.16
Cookware Darkgoldenrod 817,36.13
Cookware Darkturquoise 547,139.22
Cookware Fuchsia 435,195.47
Cookware Goldenrod 269,37.17
Cookware Ivory 298,165.92
Cookware Khaki 557,123.63
Cookware Lawngreen 100,128.28
Cookware Lawngreen 526,145.96
Cookware Lightgoldenrodyellow 187,213.16
Cookware Lightgoldenrodyellow 308,57.33
Cookware Maroon 708,207.01
Cookware Mintcream 201,114.98
Cookware Mistyrose 969,117.01
Cookware Orangered 376,44.73
Cookware Rosybrown 842,122.23
Cookware Silver 779,241.83
Cookware Skyblue 471,25.08
Cookware Steelblue 419,83.82
Cycling Helmet Aliceblue 747,86.46
Cycling Helmet Aquamarine 763,161.63
Cycling Helmet Azure 386,152.13
Cycling Helmet Black 784,253.91
Cycling Helmet Cornflowerblue 227,102.58
Cycling Helmet Darkkhaki 165,150.16
Cycling Helmet Darkkhaki 257,197.37
Cycling Helmet Darksalmon 505,13.71
Cycling Helmet Darkturquoise 330,66.63
Cycling Helmet Darkviolet 241,71.73
Cycling Helmet Gray 461,92.11
Cycling Helmet Lavenderblush 521,262.25
Cycling Helmet Lightcoral 411,137.66
Cycling Helmet Lightcyan 189,14.55
Cycling Helmet Lightgray 873,24.28
Cycling Helmet Lightgreen 354,46.92
Cycling Helmet Lightsalmon 792,143.56
Cycling Helmet Lightseagreen 215,77.1
Cycling Helmet Lightskyblue 925,142.24
Cycling Helmet Lightslategray 158,92.51
Cycling Helmet Limegreen 240,230.29
Cycling Helmet Mediumorchid 339,66.53
Cycling Helmet Mediumspringgreen 607,96.67
Cycling Helmet Orange 126,268.25
Cycling Helmet Sandybrown 923,138.36
Cycling Helmet Slateblue 853,176.58
Cycling Helmet Slateblue 881,34.38
Cycling Helmet Springgreen 400,44.18
Doll Beige 168,51.31
Doll Blueviolet 178,18.25
Doll Blueviolet 214,20.11
Doll Cadetblue 251,8.39
Doll Cadetblue 399,68.5
Doll Coral 445,41.97
Doll Cyan 839,6.96
Doll Darkgoldenrod 156,22.74
Doll Darkgoldenrod 398,35.1
Doll Darkorange 827,48.55
Doll Darkseagreen 568,36.98
Doll Darkslateblue 565,72.52
Doll Darkviolet 909,29.57
Doll Deeppink 521,54.94
Doll Dodgerblue 971,73.81
Doll Fuchsia 821,71.02
Doll Gray 118,42.51
Doll Gray 206,7.35
Doll Honeydew 334,10.64
Doll Indigo 807,77.26
Doll Lightcyan 982,18.5
Doll Lightskyblue 279,45.01
Doll Lightslategray 547,17.91
Doll Mediumblue 998,71.16
Doll Orange 414,67.75
Doll Orangered 410,15.99
Doll Orchid 347,36.15
Doll Palegoldenrod 548,20.6
Doll Papayawhip 437,8.79
Doll Teal 732,77.72
Doll Tomato 503,14.02
Dress Blanchedalmond 934,116.15
Dress Cyan 579,42.32
Dress Deeppink 357,187.57
Dress Floralwhite 158,138.36
Dress Indianred 538,18.43
Dress Lavenderblush 957,151.97
Dress Lightcoral 804,119.57
Dress Lightcyan 481,19.05
Dress Lime 164,144.47
Dress Linen 971,182.58
Dress Magenta 935,17.33
Dress Oldlace 292,73.5
Dress Olivedrab 410,39.11
Dress Orangered 388,129.85
Dress Peachpuff 676,40.88
Dress Royalblue 317,55.28
Dress Royalblue 415,20.73
Dress Seagreen 201,62.27
Dress Sienna 367,54.13
Dress Springgreen 501,27.6
Dumbbell Azure 340,138.92
Dumbbell Cadetblue 550,289.63
Dumbbell Coral 494,235.27
Dumbbell Crimson 111,262.19
Dumbbell Darkgoldenrod 952,241.26
Dumbbell Darkgreen 137,172.43
Dumbbell Darkorchid 940,187.96
Dumbbell Darkturquoise 262,94.29
Dumbbell Deeppink 109,278.39
Dumbbell Dimgray 661,168.18
Dumbbell Greenyellow 959,53.46
Dumbbell Indianred 978,213.06
Dumbbell Khaki 597,297.2
Dumbbell Lightcyan 723,183.39
Dumbbell Lightgoldenrodyellow 107,57.62
Dumbbell Lightgray 248,216.41
Dumbbell Maroon 243,129.69
Dumbbell Mediumorchid 520,128.61
Dumbbell Mediumpurple 279,160.32
Dumbbell Navy 337,135.21
Dumbbell Olive 222,171.5
Dumbbell Orchid 993,130.03
Dumbbell Pink 817,64.16
Dumbbell Seagreen 419,188.77
Dumbbell Slateblue 979,17.6
Dumbbell Snow 906,293.76
Dumbbell Teal 312,161.02
Dumbbell Violet 482,30.71
Dumbbell Violet 564,130.85
Dumbbell White 460,58.26
Dumbbell Whitesmoke 579,274.98
E-Book Antiquewhite 575,28.65
E-Book Bisque 801,23.14
E-Book Blanchedalmond 273,20.11
E-Book Blue 118,6.43
E-Book Blue 458,17.1
E-Book Blueviolet 326,37.65
E-Book Coral 475,28.17
E-Book Crimson 778,37.51
E-Book Darkblue 877,25.48
E-Book Darkorchid 197,12.72
E-Book Darkturquoise 581,38.54
E-Book Deeppink 346,31.71
E-Book Deepskyblue 697,35.48
E-Book Dimgray 727,40.47
E-Book Ghostwhite 190,41.42
E-Book Gold 630,9.84
E-Book Goldenrod 812,22.96
E-Book Gray 372,6.01
E-Book Greenyellow 713,46.46
E-Book Honeydew 475,10.04
E-Book Honeydew 688,10.21
E-Book Indianred 636,46.4
E-Book Lavender 612,9.95
E-Book Lavender 920,30.44
E-Book Lightcoral 471,5.25
E-Book Lightcoral 987,5.4
E-Book Lightgray 133,21.64
E-Book Lightyellow 308,30.27
E-Book Lightyellow 921,36.86
E-Book Lime 120,23.23
E-Book Magenta 845,42.35
E-Book Mediumaquamarine 662,18.25
E-Book Mediumaquamarine 806,14.03
E-Book Mediumorchid 490,43.79
E-Book Mintcream 762,25.45
E-Book Mistyrose 109,4.15
E-Book Moccasin 498,45.88
E-Book Navy 584,42.46
E-Book Navy 838,26.37
E-Book Orangered 173,34.0
E-Book Palegreen 357,32.47
E-Book Paleturquoise 502,8.31
E-Book Paleturquoise 684,19.35
E-Book Palevioletred 459,45.94
E-Book Papayawhip 834,39.71
E-Book Peachpuff 118,18.98
E-Book Peachpuff 933,39.06
E-Book Purple 496,16.82
E-Book Rosybrown 133,49.06
E-Book Rosybrown 173,8.85
E-Book Rosybrown 381,11.39
E-Book Salmon 100,17.83
E-Book Sandybrown 645,5.4
E-Book Sandybrown 990,40.17
E-Book Seagreen 115,6.4
E-Book Sienna 555,24.37
E-Book Skyblue 267,8.53
E-Book Springgreen 159,12.44
E-Book Thistle 364,36.81
E-Book Thistle 463,40.19
E-Book Violet 600,20.57
E-Book Yellowgreen 947,24.63
Hardcover Aliceblue 999,49.57
Hardcover Antiquewhite 706,36.4
Hardcover Aqua 928,8.15
Hardcover Black 926,34.02
Hardcover Blue 431,22.22
Hardcover Blueviolet 336,15.33
Hardcover Burlywood 471,33.8
Hardcover Burlywood 524,39.86
Hardcover Coral 147,43.01
Hardcover Coral 239,8.66
Hardcover Coral 875,49.97
Hardcover Crimson 400,4.96
Hardcover Darkkhaki 398,15.86
Hardcover Darkmagenta 179,27.91
Hardcover Darkmagenta 795,37.23
Hardcover Darkred 972,46.47
Hardcover Darkslateblue 397,9.03
Hardcover Ghostwhite 525,22.41
Hardcover Gold 553,33.97
Hardcover Goldenrod 826,27.84
Hardcover Gray 141,37.8
Hardcover Gray 225,47.04
Hardcover Greenyellow 994,18.59
Hardcover Lavender 190,27.68
Hardcover Lavender 544,44.27
Hardcover Lavender 896,28.12
Hardcover Lavenderblush 156,36.42
Hardcover Lavenderblush 735,34.18
Hardcover Lemonchiffon 797,29.53
Hardcover Lightblue 484,13.72
Hardcover Lightcyan 255,48.47
Hardcover Lightcyan 603,44.85
Hardcover Lightcyan 711,10.6
Hardcover Lightgoldenrodyellow 786,27.05
Hardcover Lightgreen 573,8.07
Hardcover Lightpink 853,45.85
Hardcover Lightsalmon 337,4.78
Hardcover Lightskyblue 992,49.91
Hardcover Limegreen 360,14.24
Hardcover Mediumblue 318,23.75
Hardcover Mediumorchid 632,11.75
Hardcover Mediumorchid 810,45.7
Hardcover Mediumorchid 864,37.01
Hardcover Mediumvioletred 246,7.39
Hardcover Navy 823,44.11
Hardcover Navy 896,28.53
Hardcover Paleturquoise 230,16.32
Hardcover Rosybrown 976,45.43
Hardcover Sienna 874,49.51
Hardcover Snow 648,8.5
Hardcover Yellow 855,15.18
Headphones Aquamarine 465,580.43
Headphones Blueviolet 569,548.71
Headphones Cornflowerblue 201,306.9
Headphones Cornflowerblue 890,171.64
Headphones Cyan 374,223.32
Headphones Darkgray 529,347.3
Headphones Darkolivegreen 618,195.07
Headphones Darkorange 820,222.65
Headphones Darksalmon 828,501.05
Headphones Darkslategray 664,38.75
Headphones Deeppink 777,189.96
Headphones Gainsboro 583,594.07
Headphones Hotpink 644,382.84
Headphones Lightgray 247,81.79
Headphones Linen 995,290.29
Headphones Navajowhite 625,500.17
Headphones Orchid 188,548.53
Headphones Saddlebrown 797,387.83
Headphones Snow 402,249.08
Headphones Snow 918,303.3
Headphones Springgreen 668,215.81
Headphones Whitesmoke 326,358.95
Hoodie Aliceblue 311,63.55
Hoodie Aliceblue 477,166.46
Hoodie Beige 459,93.45
Hoodie Bisque 351,77.63
Hoodie Blanchedalmond 225,138.66
Hoodie Chartreuse 889,14.55
Hoodie Cornflowerblue 702,136.56
Hoodie Darkblue 950,40.34
Hoodie Darkgoldenrod 230,106.28
Hoodie Darksalmon 245,65.48
Hoodie Goldenrod 428,41.99
Hoodie Goldenrod 553,39.58
Hoodie Hotpink 449,21.83
Hoodie Ivory 379,36.0
Hoodie Lightblue 677,145.69
Hoodie Lightgoldenrodyellow 967,142.26
Hoodie Lightseagreen 861,183.42
Hoodie Mediumaquamarine 383,173.37
Hoodie Navajowhite 774,75.47
Hoodie Peachpuff 461,101.89
Hoodie Sienna 572,135.97
Hoodie Turquoise 128,55.23
Hoodie Violet 959,130.56
Hoodie Wheat 563,167.36
Jacket Cadetblue 928,104.72
Jacket Chartreuse 237,138.46
Jacket Cornsilk 156,35.49
Jacket Cyan 894,156.8
Jacket Darkgoldenrod 743,170.12
Jacket Darkmagenta 106,82.47
Jacket Darksalmon 406,103.91
Jacket Green 286,75.61
Jacket Ivory 108,44.44
Jacket Ivory 986,194.49
Jacket Lavender 559,193.77
Jacket Lightgoldenrodyellow 571,24.33
Jacket Lightpink 819,154.29
Jacket Limegreen 606,181.8
Jacket Limegreen 762,190.94
Jacket Magenta 627,53.67
Jacket Maroon 692,140.74
Jacket Mistyrose 326,199.64
Jacket Oldlace 100,136.67
Jacket Orangered 272,84.05
Jacket Peru 536,65.59
Jacket Rosybrown 185,198.49
Jacket Seagreen 629,52.01
Jacket Slateblue 368,60.48
Jacket Steelblue 856,186.6
Jacket Violet 280,9.69
Jeans Aliceblue 734,195.08
Jeans Blanchedalmond 232,54.41
Jeans Chocolate 310,199.35
Jeans Darkolivegreen 132,49.91
Jeans Darksalmon 951,113.82
Jeans Darkslategray 188,67.67
Jeans Firebrick 955,25.79
Jeans Ghostwhite 146,96.21
Jeans Gold 123,60.97
Jeans Green 132,101.54
Jeans Honeydew 360,117.47
Jeans Honeydew 694,146.71
Jeans Lawngreen 779,13.68
Jeans Lemonchiffon 675,135.25
Jeans Lightgray 273,121.13
Jeans Mediumseagreen 625,175.5
Jeans Mediumslateblue 465,79.62
Jeans Mediumspringgreen 464,164.83
Jeans Olivedrab 656,194.13
Jeans Palevioletred 140,144.82
Jeans Palevioletred 418,81.1
Jeans Palevioletred 853,111.92
Jeans Plum 786,34.22
Jeans Salmon 748,65.47
Jeans Springgreen 823,172.81
Jeans Steelblue 309,65.07
Jeans Tan 994,36.85
Jeans Wheat 471,70.3
Jeans Wheat 511,39.42
Keyboard Burlywood 394,311.41
Keyboard Cadetblue 636,361.44
Keyboard Chocolate 334,94.32
Keyboard Cornflowerblue 450,321.8
Keyboard Darkgoldenrod 878,319.4
Keyboard Darkgoldenrod 996,465.81
Keyboard Deeppink 696,498.13
Keyboard Indianred 897,77.91
Keyboard Lightpink 617,282.65
Keyboard Lightseagreen 772,405.24
Keyboard Mediumspringgreen 497,505.75
Keyboard Mediumspringgreen 544,330.15
Keyboard Navy 203,30.13
Keyboard Oldlace 381,235.6
Keyboard Orangered 976,486.93
Keyboard Orchid 648,456.51
Keyboard Palegoldenrod 854,405.8
Keyboard Springgreen 590,457.31
Lamp Beige 615,242.24
Lamp Beige 624,56.6
Lamp Bisque 945,127.56
Lamp Chocolate 506,44.2
Lamp Darkmagenta 486,29.19
Lamp Darkred 727,165.42
Lamp Darkslategray 948,42.09
Lamp Dimgray 651,223.9
Lamp Greenyellow 321,161.11
Lamp Magenta 758,170.53
Lamp Mediumpurple 521,66.34
Lamp Mediumseagreen 870,28.96
Lamp Salmon 265,51.2
Lamp Seagreen 357,55.18
Lamp Seashell 161,44.06
Lamp Sienna 733,115.2
Lamp Tomato 228,196.45
Lamp Tomato 492,51.23
Lamp Turquoise 600,97.38
Lamp Violet 138,180.33
Lamp Wheat 233,167.7
Lamp Wheat 354,215.31
Lipstick Aliceblue 285,92.71
Lipstick Aqua 795,85.51
Lipstick Aquamarine 196,112.12
Lipstick Azure 770,96.87
Lipstick Cadetblue 751,13.67
Lipstick Chartreuse 840,100.05
Lipstick Darkseagreen 798,8.28
Lipstick Deeppink 644,31.86
Lipstick Dodgerblue 631,94.91
Lipstick Fuchsia 838,27.21
Lipstick Gainsboro 751,31.63
Lipstick Gold 256,14.82
Lipstick Gray 652,61.51
Lipstick Greenyellow 211,82.61
Lipstick Indianred 370,106.51
Lipstick Indigo 153,113.43
Lipstick Indigo 403,30.58
Lipstick Ivory 498,110.22
Lipstick Lightblue 766,8.68
Lipstick Lightcoral 771,109.91
Lipstick Lightgoldenrodyellow 369,7.9
Lipstick Lightgray 248,55.45
Lipstick Lightgray 606,96.63
Lipstick Lightgreen 797,85.09
Lipstick Lightseagreen 847,87.06
Lipstick Mediumseagreen 979,81.98
Lipstick Mediumslateblue 310,113.6
Lipstick Mediumturquoise 523,100.53
Lipstick Mintcream 522,117.79
Lipstick Olivedrab 533,28.57
Lipstick Plum 961,110.99
Lipstick Purple 747,15.06
Lipstick Rosybrown 771,6.32
Lipstick Sienna 474,90.58
Lipstick Tan 418,98.99
Lipstick Tan 809,101.46
Lipstick Thistle 546,8.56
Lipstick Violet 770,111.97
Moisturizer Brown 791,76.48
Moisturizer Darkblue 547,6.45
Moisturizer Darkblue 561,36.68
Moisturizer Darkblue 603,5.5
Moisturizer Darkblue 947,100.07
Moisturizer Darkblue 988,38.18
Moisturizer Darkcyan 744,46.78
Moisturizer Darkgoldenrod 167,85.16
Moisturizer Darkkhaki 868,65.21
Moisturizer Darkolivegreen 264,9.39
Moisturizer Darkolivegreen 982,66.86
Moisturizer Darkseagreen 510,77.21
Moisturizer Indianred 706,6.63
Moisturizer Khaki 546,71.07
Moisturizer Lightcyan 229,29.54
Moisturizer Lightgoldenrodyellow 575,37.29
Moisturizer Lightgray 771,53.48
Moisturizer Lightpink 674,61.38
Moisturizer Lightskyblue 406,43.05
Moisturizer Lightyellow 515,50.87
Moisturizer Linen 162,34.03
Moisturizer Magenta 752,88.85
Moisturizer Mediumaquamarine 749,9.79
Moisturizer Moccasin 905,47.42
Moisturizer Olive 583,30.1
Moisturizer Orangered 906,81.87
Moisturizer Palegreen 842,103.62
Moisturizer Rosybrown 568,29.44
Moisturizer Salmon 586,10.34
Moisturizer Slateblue 366,106.21
Moisturizer Steelblue 610,38.71
Moisturizer Thistle 259,45.08
Moisturizer Tomato 428,87.31
Moisturizer Wheat 743,13.65
Monitor Aliceblue 336,535.51
Monitor Antiquewhite 641,388.91
Monitor Chocolate 307,555.99
Monitor Darkkhaki 939,573.06
Monitor Darkseagreen 627,261.39
Monitor Darkslateblue 984,533.53
Monitor Gainsboro 616,316.58
Monitor Gold 593,384.06
Monitor Honeydew 990,242.17
Monitor Ivory 941,398.86
Monitor Lemonchiffon 452,140.38
Monitor Lightcoral 372,391.93
Monitor Lightsteelblue 799,432.65
Monitor Maroon 812,587.75
Monitor Mintcream 450,422.01
Monitor Palegoldenrod 556,332.72
Monitor Palegoldenrod 758,467.17
Monitor Purple 221,294.86
Monitor Seagreen 464,325.49
Monitor Silver 768,175.77
Monitor Skyblue 594,261.54
Monitor Slateblue 663,306.78
Mouse Chartreuse 292,88.74
Mouse Darkorchid 254,126.9
Mouse Darkturquoise 596,162.22
Mouse Darkviolet 710,404.8
Mouse Deeppink 361,38.13
Mouse Firebrick 212,54.63
Mouse Firebrick 843,42.2
Mouse Indigo 992,450.87
Mouse Lavender 155,260.68
Mouse Lavender 472,183.35
Mouse Lawngreen 784,561.96
Mouse Lightseagreen 356,184.2
Mouse Lightslategray 532,184.15
Mouse Maroon 550,328.4
Mouse Mediumspringgreen 253,376.88
Mouse Mediumturquoise 578,174.27
Mouse Mediumvioletred 223,110.69
Mouse Moccasin 673,338.19
Mouse Olivedrab 474,565.52
Mouse Orchid 117,272.43
Mouse Rosybrown 419,179.28
Mouse Sandybrown 265,594.23
Mouse Seagreen 388,127.33
Mouse Slateblue 586,30.61
Mouse White 248,191.98
Mouse White 640,324.31
Mouse Whitesmoke 561,32.05
Mouse Yellow 529,179.77
Paperback Aliceblue 509,39.47
Paperback Aqua 750,40.78
Paperback Blanchedalmond 209,17.26
Paperback Blanchedalmond 321,17.03
Paperback Brown 332,39.09
Paperback Brown 781,7.24
Paperback Chocolate 993,7.16
Paperback Coral 407,47.85
Paperback Coral 779,7.07
Paperback Cornsilk 505,24.28
Paperback Cyan 126,47.19
Paperback Cyan 340,30.84
Paperback Cyan 437,31.86
Paperback Darkcyan 587,9.2
Paperback Darkgray 479,27.47
Paperback Darkgreen 669,12.41
Paperback Darkkhaki 633,19.76
Paperback Darkmagenta 727,40.42
Paperback Darkred 702,22.89
Paperback Darkseagreen 834,49.17
Paperback Dodgerblue 225,42.11
Paperback Forestgreen 548,15.01
Paperback Fuchsia 918,28.79
Paperback Gainsboro 494,48.73
Paperback Goldenrod 900,12.97
Paperback Greenyellow 472,25.61
Paperback Lavenderblush 722,48.58
Paperback Lemonchiffon 363,40.69
Paperback Lightblue 178,8.55
Paperback Lightblue 978,15.33
Paperback Lightgoldenrodyellow 328,20.86
Paperback Lightgray 560,49.86
Paperback Lightseagreen 157,29.51
Paperback Lightseagreen 758,21.48
Paperback Lightyellow 556,43.43
Paperback Magenta 823,33.63
Paperback Mediumseagreen 799,7.58
Paperback Mediumslateblue 404,11.57
Paperback Mediumspringgreen 697,16.16
Paperback Mediumvioletred 225,8.38
Paperback Mistyrose 622,38.07
Paperback Navajowhite 305,44.8
Paperback Navy 693,4.69
Paperback Oldlace 758,12.55
Paperback Olive 932,13.81
Paperback Olivedrab 301,15.64
Paperback Orchid 530,29.12
Paperback Pink 205,10.23
Paperback Plum 642,29.29
Paperback Plum 768,3.5
Paperback Salmon 871,20.66
Paperback Sienna 127,12.97
Paperback Sienna 329,48.61
Paperback Skyblue 941,14.22
Paperback Snow 806,28.57
Paperback Springgreen 529,21.77
Paperback Tan 649,12.49
Paperback Whitesmoke 692,19.56
Puzzle Azure 303,61.61
Puzzle Bisque 472,31.38
Puzzle Burlywood 196,46.41
Puzzle Cadetblue 703,79.83
Puzzle Coral 686,40.31
Puzzle Darkcyan 484,22.01
Puzzle Darkgoldenrod 912,35.01
Puzzle Darkturquoise 982,48.19
Puzzle Dodgerblue 213,28.23
Puzzle Dodgerblue 489,65.56
Puzzle Dodgerblue 928,75.93
Puzzle Gainsboro 266,19.83
Puzzle Goldenrod 498,45.09
Puzzle Gray 243,64.73
Puzzle Indianred 895,49.46
Puzzle Lavenderblush 958,57.76
Puzzle Lightblue 505,26.38
Puzzle Lightgray 943,35.03
Puzzle Lightseagreen 614,47.14
Puzzle Limegreen 221,70.77
Puzzle Linen 908,63.32
Puzzle Mediumaquamarine 346,8.82
Puzzle Mintcream 483,66.0
Puzzle Mistyrose 968,60.03
Puzzle Moccasin 194,68.58
Puzzle Oldlace 463,9.27
Puzzle Olivedrab 561,21.09
Puzzle Orange 783,43.16
Puzzle Orchid 600,7.12
Puzzle Palegreen 921,61.13
Puzzle Paleturquoise 142,50.34
Puzzle Plum 191,76.63
Puzzle Powderblue 921,11.03
Puzzle Royalblue 416,12.64
Puzzle Tan 541,53.49
Serum Aliceblue 109,77.09
Serum Azure 850,118.14
Serum Beige 538,74.13
Serum Blue 359,35.75
Serum Burlywood 754,87.49
Serum Darkcyan 813,19.5
Serum Darkseagreen 566,33.76
Serum Dodgerblue 263,101.8
Serum Gainsboro 717,117.1
Serum Gray 736,8.79
Serum Green 626,118.88
Serum Lemonchiffon 903,72.44
Serum Lightcoral 902,94.68
Serum Lightgreen 493,115.67
Serum Lightgreen 744,94.97
Serum Lightpink 782,98.68
Serum Lightseagreen 872,63.39
Serum Lightsteelblue 639,39.9
Serum Lime 716,48.32
Serum Limegreen 101,97.86
Serum Linen 549,66.04
Serum Mediumblue 541,53.51
Serum Mediumslateblue 317,70.59
Serum Mediumslateblue 420,78.78
Serum Mintcream 129,44.66
Serum Plum 903,26.35
Serum Rosybrown 573,119.34
Serum Salmon 968,17.88
Serum Seagreen 867,79.06
Serum Snow 647,28.98
Serum Steelblue 170,23.92
Serum Yellowgreen 900,75.09
Shampoo Antiquewhite 981,88.89
Shampoo Azure 910,59.87
Shampoo Blueviolet 820,11.97
Shampoo Chartreuse 667,55.05
Shampoo Cornsilk 204,117.14
Shampoo Darkcyan 753,55.02
Shampoo Darkgray 802,78.12
Shampoo Darkmagenta 246,33.75
Shampoo Dodgerblue 972,74.14
Shampoo Gainsboro 567,64.99
Shampoo Lavender 700,35.25
Shampoo Lawngreen 601,94.49
Shampoo Lightgray 654,16.63
Shampoo Mediumpurple 389,7.41
Shampoo Mediumpurple 409,69.64
Shampoo Mediumturquoise 528,101.67
Shampoo Palegoldenrod 399,95.23
Shampoo Palegreen 781,58.82
Shampoo Papayawhip 529,77.25
Shampoo Plum 449,15.86
Shampoo Tan 738,41.84
Shampoo Thistle 947,103.26
Smartwatch Blue 564,473.02
Smartwatch Burlywood 664,268.36
Smartwatch Coral 455,114.67
Smartwatch Cornsilk 186,294.0
Smartwatch Cornsilk 328,63.69
Smartwatch Crimson 233,501.47
Smartwatch Darkblue 961,123.05
Smartwatch Darkgreen 452,202.11
Smartwatch Darkkhaki 313,65.48
Smartwatch Darkorange 759,286.99
Smartwatch Fuchsia 388,526.21
Smartwatch Gainsboro 593,256.9
Smartwatch Lightskyblue 406,364.48
Smartwatch Mediumaquamarine 242,448.3
Smartwatch Mediumturquoise 482,321.25
Smartwatch Midnightblue 531,596.62
Smartwatch Moccasin 101,210.16
Smartwatch Moccasin 746,534.03
Smartwatch Peachpuff 280,575.91
Smartwatch Peachpuff 606,465.66
Smartwatch Sienna 662,550.65
Sneakers Beige 851,30.12
Sneakers Black 569,144.15
Sneakers Blueviolet 288,150.53
Sneakers Darkgoldenrod 297,162.59
Sneakers Darkmagenta 544,28.89
Sneakers Darksalmon 534,109.25
Sneakers Darkturquoise 442,175.59
Sneakers Deepskyblue 742,184.55
Sneakers Firebrick 838,194.35
Sneakers Gray 121,76.04
Sneakers Greenyellow 927,111.38
Sneakers Indigo 476,122.42
Sneakers Lavender 680,53.96
Sneakers Lemonchiffon 468,114.54
Sneakers Lightblue 786,132.74
Sneakers Maroon 448,147.52
Sneakers Mediumpurple 434,185.19
Sneakers Navy 755,111.09
Sneakers Palegoldenrod 466,55.94
Sneakers Papayawhip 242,117.24
Sneakers Rosybrown 418,87.03
Sneakers Salmon 966,43.66
Sneakers Seagreen 111,40.27
Sneakers Snow 121,119.2
Sneakers Snow 450,190.16
Sneakers Snow 881,151.12
Sneakers Whitesmoke 684,124.96
Socks Antiquewhite 910,197.84
Socks Beige 958,104.6
Socks Blue 822,128.62
Socks Cadetblue 244,160.7
Socks Crimson 461,162.55
Socks Darkgreen 623,125.26
Socks Dodgerblue 956,32.54
Socks Ghostwhite 821,39.6
Socks Goldenrod 838,190.03
Socks Goldenrod 963,131.78
Socks Lightblue 659,162.7
Socks Lightyellow 690,77.31
Socks Magenta 735,168.73
Socks Mediumpurple 426,185.02
Socks Orange 300,116.17
Socks Pink 681,81.88
Socks Red 515,151.87
Socks Slategray 217,155.1
Socks Springgreen 453,69.16
Speaker Brown 662,75.93
Speaker Chocolate 376,69.19
Speaker Chocolate 784,192.22
Speaker Coral 635,319.42
Speaker Cyan 457,490.88
Speaker Darkred 848,427.31
Speaker Deeppink 125,541.69
Speaker Gold 153,122.51
Speaker Greenyellow 247,303.83
Speaker Lightblue 158,429.24
Speaker Magenta 552,108.17
Speaker Mediumspringgreen 315,596.56
Speaker Orangered 371,173.75
Speaker Papayawhip 618,341.17
Speaker Peachpuff 661,404.64
Speaker Saddlebrown 673,477.04
Speaker Skyblue 590,311.55
Speaker Thistle 946,489.71
Ssd Bisque 222,457.92
Ssd Cadetblue 562,576.92
Ssd Chocolate 599,300.27
Ssd Darkcyan 815,200.87
Ssd Darkgray 312,379.83
Ssd Darkorchid 228,377.59
Ssd Lavender 350,584.4
Ssd Lightslategray 839,79.45
Ssd Lime 581,75.91
Ssd Mediumblue 149,570.28
Ssd Orchid 272,42.86
Ssd Peachpuff 174,445.78
Ssd Peachpuff 234,177.84
Ssd Peru 608,223.87
Ssd Pink 127,113.56
Ssd Rosybrown 174,71.35
Ssd Tan 677,85.54
Sunscreen Azure 988,107.5
Sunscreen Blueviolet 319,113.55
Sunscreen Brown 211,71.02
Sunscreen Coral 821,93.9
Sunscreen Cornsilk 247,60.68
Sunscreen Darkslategray 960,104.23
Sunscreen Deepskyblue 455,83.73
Sunscreen Dimgray 741,75.35
Sunscreen Gainsboro 317,16.73
Sunscreen Ghostwhite 612,93.09
Sunscreen Lemonchiffon 115,100.6
Sunscreen Lemonchiffon 155,78.8
Sunscreen Lightpink 366,44.93
Sunscreen Lightyellow 733,62.93
Sunscreen Mediumspringgreen 247,11.72
Sunscreen Moccasin 939,92.6
Sunscreen Orange 916,14.78
Sunscreen Orangered 115,43.18
Sunscreen Orchid 322,116.77
Sunscreen Peru 293,45.09
Sunscreen Sienna 243,109.17
Sunscreen Tan 604,44.65
Sunscreen Thistle 814,58.99
Sunscreen Wheat 916,21.9
Sunscreen Whitesmoke 761,91.76
T-Shirt Aqua 792,163.74
T-Shirt Chocolate 138,195.03
T-Shirt Cornsilk 301,19.58
T-Shirt Darkmagenta 403,156.69
T-Shirt Darkolivegreen 181,184.88
T-Shirt Darkorchid 822,73.55
T-Shirt Darkviolet 748,175.5
T-Shirt Forestgreen 395,145.99
T-Shirt Ghostwhite 514,178.64
T-Shirt Indigo 418,77.3
T-Shirt Khaki 272,184.16
T-Shirt Khaki 318,10.91
T-Shirt Lightpink 393,168.18
T-Shirt Lightseagreen 857,170.84
T-Shirt Lightsteelblue 364,101.71
T-Shirt Mediumslateblue 812,176.02
T-Shirt Mistyrose 717,76.3
T-Shirt Navajowhite 676,127.26
T-Shirt Orangered 215,142.71
T-Shirt Orchid 348,14.56
T-Shirt Papayawhip 901,143.21
T-Shirt Peru 273,113.27
T-Shirt Powderblue 590,195.98
T-Shirt Royalblue 890,112.18
T-Shirt Violet 305,49.92
T-Shirt Violet 307,51.63
Tennis Racket Aliceblue 417,186.94
Tennis Racket Azure 134,159.68
Tennis Racket Black 885,132.38
Tennis Racket Brown 552,50.15
Tennis Racket Burlywood 169,140.29
Tennis Racket Crimson 158,49.69
Tennis Racket Crimson 542,228.42
Tennis Racket Darkgoldenrod 432,39.84
Tennis Racket Darkolivegreen 161,109.49
Tennis Racket Darkorchid 119,170.17
Tennis Racket Darkviolet 693,233.47
Tennis Racket Honeydew 154,245.99
Tennis Racket Honeydew 461,159.07
Tennis Racket Lavender 602,105.68
Tennis Racket Lightblue 418,115.06
Tennis Racket Lightcoral 743,248.33
Tennis Racket Lightslategray 382,50.03
Tennis Racket Lightsteelblue 611,9.97
Tennis Racket Orange 677,216.93
Tennis Racket Orangered 780,77.26
Tennis Racket Palegreen 431,55.39
Tennis Racket Palegreen 443,123.64
Tennis Racket Pink 411,215.51
Tennis Racket Powderblue 530,247.6
Tennis Racket Silver 199,299.44
Tennis Racket Snow 576,185.21
Tennis Racket Steelblue 344,148.54
Tennis Racket Tan 512,113.95
Tennis Racket Thistle 293,147.16
Tennis Racket Tomato 690,235.5
Tennis Racket Violet 574,260.98
Toaster Aquamarine 893,52.66
Toaster Chocolate 929,206.55
Toaster Darkgreen 262,94.22
Toaster Darkkhaki 297,117.99
Toaster Darkkhaki 752,169.54
Toaster Darksalmon 374,80.54
Toaster Darkviolet 133,219.49
Toaster Deeppink 977,223.87
Toaster Floralwhite 898,195.73
Toaster Forestgreen 696,83.49
Toaster Goldenrod 794,12.73
Toaster Green 169,80.11
Toaster Green 287,128.43
Toaster Indigo 941,59.78
Toaster Lime 634,36.17
Toaster Mediumslateblue 575,107.15
Toaster Mintcream 738,223.44
Toaster Orange 540,102.76
Toaster Peachpuff 473,31.72
Toaster Powderblue 901,86.69
Toaster Snow 371,56.54
Toaster Tan 468,137.37
Toaster Teal 142,123.51
Toaster Thistle 805,118.73
Vacuum Azure 467,235.25
Vacuum Black 596,156.42
Vacuum Black 709,228.5
Vacuum Darkblue 571,51.57
Vacuum Darkorchid 733,121.67
Vacuum Darkseagreen 152,195.53
Vacuum Darkseagreen 751,85.49
Vacuum Darkturquoise 440,142.09
Vacuum Deeppink 742,153.88
Vacuum Deepskyblue 400,229.45
Vacuum Dodgerblue 485,109.33
Vacuum Goldenrod 183,222.36
Vacuum Khaki 106,96.96
Vacuum Lightcoral 663,34.33
Vacuum Lightsalmon 484,187.1
Vacuum Lightsteelblue 390,176.9
Vacuum Mediumorchid 217,50.5
Vacuum Mediumorchid 467,106.08
Vacuum Mediumvioletred 553,211.39
Vacuum Orchid 536,142.62
Vacuum Papayawhip 920,48.07
Vacuum Peachpuff 924,190.85
Vacuum Red 157,204.78
Vacuum Royalblue 591,44.46
Vacuum Tomato 616,97.68
Vacuum White 101,72.61
Vacuum White 804,30.71
Vacuum Yellowgreen 584,180.28
Water Bottle Aquamarine 808,97.95
Water Bottle Bisque 495,210.89
Water Bottle Blueviolet 360,247.1
Water Bottle Brown 634,269.9
Water Bottle Burlywood 738,26.4
Water Bottle Burlywood 877,43.48
Water Bottle Chocolate 962,244.71
Water Bottle Crimson 141,91.63
Water Bottle Crimson 945,142.92
Water Bottle Cyan 520,299.16
Water Bottle Darkblue 459,77.6
Water Bottle Darkblue 897,173.62
Water Bottle Darkorchid 563,185.34
Water Bottle Darkseagreen 136,87.84
Water Bottle Darkslateblue 296,203.61
Water Bottle Darkslategray 605,258.23
Water Bottle Deeppink 471,225.97
Water Bottle Floralwhite 155,231.1
Water Bottle Gold 746,184.11
Water Bottle Gray 101,107.54
Water Bottle Greenyellow 644,85.68
Water Bottle Lawngreen 766,262.47
Water Bottle Lightgreen 401,59.27
Water Bottle Lightseagreen 612,74.95
Water Bottle Lightslategray 808,270.55
Water Bottle Lime 996,72.65
Water Bottle Limegreen 999,103.04
Water Bottle Maroon 161,268.8
Water Bottle Mediumpurple 877,35.76
Water Bottle Mediumslateblue 685,179.06
Water Bottle Mistyrose 547,233.86
Water Bottle Moccasin 374,288.05
Water Bottle Oldlace 823,194.83
Water Bottle Orangered 309,252.74
Water Bottle Palevioletred 274,39.14
Water Bottle Papayawhip 550,27.51
Water Bottle Papayawhip 987,257.58
Water Bottle Pink 540,249.1
Water Bottle Royalblue 112,119.89
Water Bottle Royalblue 505,253.2
Water Bottle Royalblue 540,151.2
Water Bottle Saddlebrown 207,180.71
Water Bottle Salmon 250,180.81
Water Bottle Seagreen 190,47.24
Water Bottle Seashell 263,77.58
Water Bottle Skyblue 156,127.17
Water Bottle Skyblue 390,79.52
Water Bottle Teal 113,37.35
Webcam Beige 598,455.61
Webcam Chocolate 360,74.16
Webcam Cornsilk 396,436.42
Webcam Darkkhaki 857,445.72
Webcam Darkred 849,440.16
Webcam Deeppink 289,424.83
Webcam Deeppink 357,500.91
Webcam Dodgerblue 584,207.65
Webcam Floralwhite 474,233.27
Webcam Honeydew 628,415.15
Webcam Lightblue 848,143.95
Webcam Lightskyblue 895,411.6
Webcam Lime 857,489.46
Webcam Mistyrose 876,379.54
Webcam Olive 751,504.4
Webcam Orangered 916,308.9
Webcam Plum 557,323.11
Webcam Powderblue 606,76.66
Webcam Rosybrown 908,302.48
Webcam Saddlebrown 437,333.58
Webcam Sienna 646,424.86
Webcam Slategray 700,196.99
Webcam Springgreen 564,67.97
Webcam Thistle 752,78.5
Webcam Violet 724,222.51
Yoga Mat Aliceblue 405,282.3
Yoga Mat Burlywood 502,287.27
Yoga Mat Coral 963,247.92
Yoga Mat Crimson 407,82.91
Yoga Mat Darkslateblue 487,106.94
Yoga Mat Darkslategray 692,197.83
Yoga Mat Green 367,278.48
Yoga Mat Lavender 251,144.19
Yoga Mat Lemonchiffon 957,271.6
Yoga Mat Lightgray 141,244.31
Yoga Mat Lightgreen 346,234.86
Yoga Mat Lightskyblue 835,78.93
Yoga Mat Lightslategray 848,93.13
Yoga Mat Lightsteelblue 240,43.63
Yoga Mat Lightsteelblue 936,43.27
Yoga Mat Limegreen 459,288.68
Yoga Mat Magenta 575,252.5
Yoga Mat Mediumturquoise 462,158.96
Yoga Mat Mistyrose 478,16.04
Yoga Mat Mistyrose 794,260.76
Yoga Mat Navy 102,209.99
Yoga Mat Oldlace 793,160.11
Yoga Mat Orangered 565,224.2
Yoga Mat Palegoldenrod 666,65.42
Yoga Mat Royalblue 756,83.1
Yoga Mat Salmon 216,100.88
Yoga Mat Sienna 226,217.39
Yoga Mat Sienna 447,191.48
Yoga Mat Slategray 624,78.74
Yoga Mat Slategray 628,112.0
Yoga Mat Slategray 857,83.31
Yoga Mat Tan 453,53.6
Yoga Mat Tan 530,281.77
